V1,V2,V3,V4,target
1.084049155,2.401591848,0.641159743,0.017814545,0
-0.732764847,1.620584068,-1.166676861,1.597373676,0
-1.531245376,0.34932757,0.84828728,-0.63926487,0
1.257318855,-0.582364589,0.506313529,-1.911592374,0
0.825852396,-0.401066345,1.4735581,0.604827034,0
-1.680621011,-0.125374825,-0.54823744,0.69063263,0
0.763200104,-0.923688553,0.512673994,-0.783669378,0
0.334643189,-1.49567349,1.08177043,-0.903534536,0
-0.394803848,-1.681379585,0.289172626,-1.596130191,0
0.361557186,-0.282255835,-0.106679029,-0.350210154,0
0.328017644,-0.386748253,0.358489822,-0.753710022,0
-1.345151431,-0.659852665,-0.258134976,-0.129305068,0
-0.460402224,-0.079765541,1.817632404,-1.610021063,0
0.320151238,0.128874659,-0.582928755,1.546681466,0
-0.085913195,-0.791014508,0.059666386,1.726708537,0
-1.457192337,0.434818598,-0.418404737,0.107805688,0
-2.453304463,0.408567352,-0.434032687,-1.35668769,0
-1.188891988,0.376136706,0.67693922,0.646791392,0
-2.204303736,1.697249304,0.516552013,0.957913057,0
-0.765944925,1.664501193,-0.270081267,-0.815833379,0
0.527384128,1.106185381,1.810685909,-1.028520716,0
-1.361012063,-1.851350664,-0.108695842,-1.09255267,0
2.268107912,0.157172463,0.343368022,-0.386052378,0
1.58250205,-2.398330416,-1.490550492,-0.282530089,0
1.312636808,1.294563256,1.265174421,0.588418945,0
-0.481618084,2.268666284,0.32812511,0.339659636,0
-0.650229707,-0.174165792,-1.046512317,2.869798543,0
-0.739846134,0.002706925,-0.499259702,0.500095908,0
-0.871626922,-1.617083289,-2.113368595,-0.571052611,0
-0.761769021,-1.678273566,0.231645419,0.230058935,0
-1.766627022,1.626892136,-1.373713407,0.259071271,0
-2.209626115,0.588047105,1.453701939,-2.488478702,0
-0.135036201,0.235619395,-0.723336931,0.498106972,0
0.586777951,3.049930597,0.185485294,1.228235039,0
0.750903176,0.043937202,-1.314346293,0.817355859,0
-1.014340652,2.354825285,-0.150061801,-0.265779512,0
0.252250313,0.077812245,-0.112656155,0.860771039,0
-0.23863746,-0.209884992,-0.379159778,0.093667061,0
1.027956991,-0.510736741,0.215764541,-0.820503111,0
-1.090564404,-0.239759849,0.781964912,0.270787024,0
-0.050353459,1.306517032,0.557481912,0.875031316,0
-1.007532078,0.746651666,0.510662671,1.238607547,0
-0.824718709,0.370724187,-1.918522803,-0.381418199,0
-1.076599632,1.140375654,0.864899837,-0.012939747,0
0.925845867,0.866354127,-0.498887675,-0.966773362,0
2.163972027,-0.518075497,1.412878154,-0.316462127,0
1.486624135,0.043597265,1.120225685,0.438464102,0
-0.355201359,1.145802786,-0.014784615,0.032269947,0
-0.76514957,0.096440418,0.009943881,0.046478475,0
-0.28633597,-0.531931606,0.583835108,0.294489283,0
-0.23433335,-1.771299916,0.315790441,1.717713043,0
1.256875082,1.48160175,0.493240288,1.696115946,0
1.484413364,-0.428905423,2.429704331,-1.280882308,0
-0.744904001,-0.949173448,0.300824947,-0.929780002,0
0.585306012,0.102689609,2.35412212,1.602395901,0
1.260297285,-0.435647419,-1.543712931,-0.689979598,0
-1.251236162,0.154966102,-0.211252938,0.10156419,0
-0.488350074,-0.658745972,-0.711602469,-0.603276934,0
0.267215952,-1.4211518,-1.952054365,-0.873726693,0
-0.119185418,-1.437080645,-0.569398808,1.570323211,0
0.187431045,1.669263964,-1.603434658,0.130729543,0
-0.196973416,-0.831852894,-0.924468969,0.735058817,0
-0.74885767,-0.385634079,0.66513313,-0.586216249,0
0.124367009,0.014025833,-0.965936758,0.014797343,0
-1.352623815,0.198250036,-0.435780415,0.863513705,0
0.127126313,1.827608294,0.861075493,-1.8207479,0
-0.323898562,-1.148011593,0.858179619,1.980786159,0
0.390534096,-0.431178016,1.045799804,0.071923344,0
0.404948718,-0.911495148,1.101080329,-0.478943324,0
0.460410123,-1.034526542,0.552607531,-0.752301193,0
-0.300494787,0.292865131,-1.08734902,0.277373523,0
0.584147096,-0.153010167,-1.28857245,0.328497767,0
-1.161332834,1.197727945,1.119289603,-1.659312324,0
-0.452511413,-1.35139948,-1.254193726,-0.000181194,0
0.107382858,-0.496262179,-0.02031819,-1.491491952,0
1.512610277,-0.03134495,-0.046626548,0.351639854,0
-2.511671244,2.006689985,0.935044506,1.494160075,0
-0.260245636,-0.855087126,-0.630169504,-0.712482141,0
0.00382421,-1.16337115,0.618805075,-0.349667446,0
0.971360514,-1.22796772,-1.486947124,-1.279453061,0
0.460253355,-0.61016517,1.00122886,0.182367942,0
-0.250919699,-1.310071028,-0.294561463,-1.17478365,0
-1.024505509,-1.720027617,1.152669874,-0.942222573,0
-0.650370692,0.062285781,0.097894243,-1.268897599,0
-0.068832933,-1.381377649,0.374957761,-1.263321013,0
1.563193228,-1.152373848,-1.505106149,-1.051370307,0
-0.384184343,0.631083304,2.043316464,-0.196718882,0
-0.225169291,-0.522495416,-0.187048373,-1.214038492,0
-0.977703507,1.120323213,0.109071968,0.06262288,0
1.299047225,-0.314334863,-1.305880279,-0.199714702,0
-1.334979514,-0.602610347,0.604052701,0.98074259,0
0.14132719,-0.34897482,-0.855405612,0.00492112,0
-0.822897127,0.64662884,1.012167528,1.896128663,0
0.30812947,0.625274336,1.456619605,-0.696100373,0
1.086759099,-0.936863321,1.280461509,-0.360786462,0
1.240527234,-0.791542054,-1.245424551,1.12399459,0
1.503052481,0.234854091,1.167504237,-1.226837467,0
-0.473141132,0.244125576,-1.368981027,0.701250346,0
-0.56844228,-0.707058246,-0.578410727,0.495473059,0
1.248166801,-0.944211276,-0.324494366,-0.371391971,0
-1.622717206,0.837824959,0.47727616,-0.583856583,0
1.024217607,-0.582444167,0.884835612,-0.667392201,0
-0.340804025,1.127503441,-1.443948476,-1.433259542,0
-0.507491398,-1.324178773,0.201775398,-0.501929579,0
-1.385646293,1.032868392,0.9649463,1.189319357,0
0.256808103,-0.012222736,-0.32158175,0.743580161,0
1.191529504,0.840552237,0.714796875,0.215821396,0
-1.30290508,-1.175119756,1.203947175,-0.310763548,0
-0.921350554,-0.212818358,0.269074612,-1.13440317,0
1.23846244,0.739127811,-0.547689099,-0.65392562,0
-0.423428214,0.568091592,0.557428556,-0.04563913,0
1.714060109,-0.722849954,-0.062002188,-0.428159228,0
0.662888292,0.210617617,-0.193146902,-1.380259388,0
-0.640657549,-0.346098893,0.259260015,0.825101654,0
0.079916687,-1.835915876,-0.390779557,-0.87377756,0
-1.478612169,-1.850327365,-0.065668248,-0.73845363,0
-0.670678656,-0.859687312,-1.204474925,-1.184953315,0
-0.387539892,-1.671626792,-0.110728565,-3.543753482,0
-0.401098067,1.167529005,-0.65426451,-1.266125333,0
-0.038497446,-1.024252927,-0.286061299,1.267483677,0
0.082062931,0.553417275,-0.643929668,1.087527588,0
-1.000300822,-0.145491569,0.67341981,-1.140882157,0
-1.266249435,0.330599049,1.707489568,0.586548556,0
0.912906941,2.75763205,0.258447436,-1.341934337,0
0.273062636,1.260442349,-1.0700193,0.524936257,0
0.073924898,-1.198140337,0.358617068,-0.811463611,0
-1.192969355,0.559134448,-1.149620775,-0.779340886,0
0.194684079,0.79524347,1.188092246,-0.658013336,0
-1.177292906,0.561890828,1.386837466,-0.587998355,0
-0.436006801,2.863708863,-1.270792874,0.222682157,0
0.337848165,-0.02001405,-1.733282477,-0.252589564,0
-0.265525503,0.522855301,0.594661064,-0.24987472,0
-0.718514884,-1.026995639,-1.237334615,-0.355803305,0
-0.261278032,0.859709612,0.302099335,-1.705156595,0
-0.201334579,0.062511018,0.389501518,-0.657466804,0
-0.391681437,0.247613412,-1.720408868,0.626459055,0
1.861265249,0.12853128,0.358349837,1.060277762,0
0.03331297,1.9122974,-1.628562869,-0.594874497,0
-0.42557353,-0.162471865,-0.248807097,-0.291474491,0
0.717341102,-1.558131953,0.9748643,0.170970282,0
0.678770846,-1.300993612,-1.388667037,-0.576528374,0
0.74245364,0.213567313,-0.382807004,-0.517533685,0
1.769063139,-0.566876263,-0.379156681,0.026765117,0
-0.457307296,-0.081137384,-1.454362946,0.681458438,0
0.691806311,1.766659069,-0.157457442,-0.326479175,0
-0.888223765,0.409010444,-0.477239829,0.78763971,0
1.13723262,-0.32272826,1.130371557,1.110517855,0
0.265661519,0.138165827,-1.039207693,0.315820549,0
0.706350999,0.792371531,0.286136358,0.438970379,0
-0.420498812,1.273131065,0.675642921,-1.395187655,0
-0.027641854,-0.576228725,-1.192689108,0.028290158,0
0.369884775,-0.000579086,0.747757713,0.817872984,0
1.041882125,1.271519697,-0.65628235,-0.268849526,0
-0.076273771,-0.568903351,0.337910495,0.824459076,0
-0.528305095,-1.496374406,-0.135192487,1.648144401,0
-0.802769996,0.942951473,-1.631492951,-0.917910548,0
0.084913387,0.047694288,1.040859237,0.981211455,0
0.409112627,-0.871518133,-0.236925509,1.429524179,0
-1.385317188,0.710174954,-0.61249683,-0.032070709,0
-1.172762772,-0.769046996,-1.376154918,0.63689519,0
-0.635672999,-2.462243959,0.203829372,0.241543821,0
0.086422709,-1.231615344,-0.253112099,0.70897571,0
-1.276629015,-0.611665325,-0.596785965,0.854719684,0
-0.808947417,-0.303828519,0.412739569,-1.326841467,0
0.432925906,3.78357871,-0.74376913,-1.462572163,0
0.98360814,-0.465403278,-1.912575035,2.37058835,0
-0.979666332,-0.567706337,1.596569132,1.594377178,0
0.166563249,-0.186036731,-1.202592844,1.09148741,0
1.2369186,-0.524063194,1.363388298,0.465184124,0
0.458438305,1.166533877,0.776242726,0.177453303,0
-1.846498213,-1.217307663,0.655793246,-0.270574571,0
0.617120314,1.049416754,0.135073924,-1.829831028,0
3.505808246,0.142554782,0.20596116,0.323356387,0
-1.017750901,2.788935281,-0.506342211,-0.626411226,0
-0.070816986,-0.809249467,-0.17452186,-0.695388015,0
-1.063009992,0.287463081,2.035940639,-1.079283186,0
0.229416289,0.426425041,-1.074818085,-0.536033324,0
-0.829698142,0.46777239,-0.783772451,0.511416533,0
-0.302103851,-0.023346053,1.839105175,-0.457861131,0
0.489274803,-0.998048941,-0.837006727,-0.043245832,0
-0.067122035,0.196627822,-0.559354061,-0.480793699,0
-0.439540331,-1.859749995,0.623500019,-0.639425711,0
-0.92810478,0.640998427,0.295589855,2.89070944,0
-0.26776563,0.714419524,-0.315256367,-1.000238121,0
-0.686651732,0.143566584,-0.320241404,-0.407077752,0
0.711147667,1.167669306,-1.200335033,0.188284428,0
-0.886434767,0.226020904,0.398446888,1.303557533,0
0.41074163,-1.286992998,1.998064915,-1.885483532,0
0.829282211,-0.066748562,-1.016607344,-0.366473109,0
0.336804887,-0.16072649,1.242068716,-1.034745374,0
-0.128158638,0.888054775,0.51475751,-0.174523552,0
-0.868845851,-1.179834583,0.143967367,-1.022921445,0
-1.107916283,1.188069696,-0.276970299,-0.706486184,0
-0.321939931,1.756190939,0.6393902,2.010235191,0
-1.566628365,-0.738755521,-1.800859739,0.279505715,0
0.569226991,-0.2559417,-0.216340437,-0.000937018,0
0.670799894,-0.027858377,-1.252586456,1.135595815,0
0.064280338,-1.526828498,0.912948352,1.347560489,0
-0.502789729,0.990688113,1.529029686,1.594816548,0
1.874560152,0.84377064,1.443316593,0.682149845,0
-0.236885166,0.690915532,0.801628171,0.130428276,0
-0.331271118,0.779070835,0.996653939,-1.985844491,0
-0.066603543,-1.366258748,-0.085247362,0.797498422,0
0.810759496,-1.072154199,0.310237569,1.071658109,0
0.706917245,0.883728239,0.596967418,-0.159396054,0
1.030757636,0.616017391,0.159712994,0.385211409,0
-0.105305914,1.628674418,0.286605918,0.515339626,0
-0.579522474,-0.319259117,-0.115169182,2.265584711,0
-0.019718885,0.083927724,-1.794151515,-1.201006585,0
0.019662158,0.321435524,-0.873398351,-0.419561476,0
-1.213974488,0.462213751,-0.716403357,0.595863972,0
1.604410896,-0.645103545,1.085326771,-0.561005274,0
-0.941420725,-0.902029728,-1.34560339,-1.947893576,0
-0.57528994,-1.168556854,-0.839749471,0.75684436,0
-0.350846096,-1.12881636,-0.728407565,0.207675869,0
-1.442820858,1.824470993,0.219386629,0.966945841,0
-2.432018376,-1.194022738,1.196618829,-0.935042753,0
-0.216726635,2.081153061,-0.045153818,1.339173654,0
-0.69386847,0.240990635,-0.844648403,-1.035299015,0
1.09948579,0.021780619,-0.84600182,-0.762967786,0
-0.643316379,-0.570760046,-0.034440913,1.020240274,0
1.345522945,2.805682235,-0.247413257,-0.424745979,0
-0.74348243,0.844777226,0.095154244,0.63270853,0
0.099495046,-2.313546194,0.065299231,-0.806316985,0
0.52824259,0.952024909,-0.251704852,-0.893852932,0
-0.489889478,-1.20747951,0.1437959,2.018608405,0
-0.046904459,1.973300288,-1.303522133,-0.790230924,0
-0.125652331,-1.314895143,0.65747454,1.297478004,0
0.551555972,1.043986034,1.317975826,1.393461899,0
-0.05433562,0.381881288,0.283428834,1.195403583,0
0.370628002,-1.275281629,0.484475892,-1.68786752,0
0.880767765,-0.712782505,-0.491387767,1.017031227,0
0.734604671,0.378788489,-0.89083799,0.31977433,0
0.98911373,0.77473955,-1.265693641,-1.868426948,0
-0.708050104,0.595273759,-1.483243079,0.695484943,0
0.654023484,-1.701391624,-1.366360326,-1.426034499,0
-0.143101096,-0.418188863,0.398210386,-0.407841905,0
-2.394977541,0.099210627,-1.383475103,-1.082732748,0
-0.962983356,-0.119622655,1.19418923,0.499367549,0
-1.782086064,-0.101164704,-0.425234131,0.403871377,0
0.155506729,-0.534051234,-1.787315583,0.407770043,0
-1.495778517,-1.560577041,-0.879754852,0.99820729,0
-0.7018452,-2.140957502,-2.252065819,0.801199586,0
0.687758191,2.245716465,-2.727183808,0.929528516,0
-0.016155165,0.888425016,-0.353494361,0.417307157,0
1.596878919,-0.626304704,-0.308584047,0.867426838,0
0.089542957,-0.862207372,-0.183507081,0.982611119,0
-0.605095759,-0.39483153,-1.064598451,-0.416716211,0
0.802552354,-2.266282787,-0.21903169,1.416913296,0
-1.521489829,-1.081224649,-2.02670317,-0.3176041,0
0.155102645,-0.463419288,2.121277031,1.507092708,0
1.224026539,0.511565393,-0.148839267,-0.601607517,0
-0.610895354,-0.824666455,0.575762128,-0.138763994,0
-0.17910335,-0.067432199,0.119958167,1.431567702,0
-0.496858724,-0.217285099,0.816605168,1.052311338,0
-1.593300911,0.892122765,-1.623534826,0.702828557,0
0.534012274,0.642882166,0.311533584,-1.220331069,0
-0.630291443,-0.905198341,0.402297255,-1.436936837,0
-1.033462504,-0.682471204,-1.433182431,-0.866272492,0
-0.407600164,-0.238452717,1.057833992,0.848433275,0
-0.034617694,-1.481828629,0.267985573,-0.145508769,0
0.084603292,0.151333613,-2.713547378,-0.155400734,0
-0.179694678,-1.962477336,-0.133089507,-0.20010585,0
0.881160726,-0.365931858,-0.510962547,-0.693126229,0
0.881766279,2.283546892,-0.890317769,-0.291335252,0
0.276922574,-1.325817522,-0.225665513,1.350689548,0
-0.446698671,0.020538958,-1.339301755,0.485285745,0
1.414412726,0.574054582,-0.975509344,2.151659661,0
0.660037416,0.654729724,0.187730932,0.761882845,0
-0.606799859,-1.001754046,0.917254146,-0.470690029,0
1.685617176,-0.106813671,-0.730277369,-0.929542138,0
-0.187608824,0.303058972,0.208937363,-0.343010752,0
0.816832195,-0.116063228,0.463389114,-0.175684458,0
-0.381835046,-0.439149774,0.703854819,-0.48126512,0
0.177833683,-0.746230252,-1.407116063,0.987723765,0
-0.707341598,-0.081280163,0.614701393,0.511926405,0
1.401275829,0.444090419,0.015068449,-0.275660858,0
0.354049732,-1.05265496,-1.558039484,-0.562755205,0
-1.884955528,-0.235660825,-0.237453344,-0.331411377,0
-0.834645204,0.150961186,-0.623735626,0.119641559,0
0.805144025,0.346229661,-0.99456001,0.463812732,0
-0.495828147,-0.109802181,-0.047573008,0.627545508,0
0.126855018,-0.912226604,0.374366314,-0.732880243,0
-0.950998209,0.465602708,0.46219844,-0.997580747,0
1.556029441,0.769889531,-0.472507699,0.102735823,0
1.421854792,0.239660634,0.258632776,-0.451853446,0
-0.905639308,1.784332564,-1.266137719,-0.331898411,0
0.777683865,0.39154025,-1.239880868,-1.55276534,0
-0.137603072,0.901404391,-0.183743143,0.55438351,0
-1.502184782,-0.440810782,-0.745271944,-0.07436353,0
0.999743626,1.19807783,2.552483911,-0.19209323,0
-0.124267747,-0.217562748,-0.517304376,0.045840293,0
0.385278063,-1.122116196,-0.37957815,-0.577162835,0
0.841892601,-0.824557471,1.132677647,-1.18326278,0
-0.366536886,-0.258009705,1.813207697,0.72954749,0
0.377769058,0.042411968,0.350161666,-0.352339226,0
-2.326441883,0.44752557,-1.243340454,0.975239513,0
-0.299027076,0.131867655,-0.172991886,-1.378337824,0
1.260043211,-0.407706932,-1.202906119,1.186909133,0
0.563123425,1.966267894,-0.606883856,1.699587487,0
-0.230334246,0.029817034,0.295696948,-2.259972421,0
-0.660599183,-0.528448745,-1.53599636,-0.437837618,0
-0.776087473,0.350717705,-0.218948128,-0.496048428,0
0.260883124,-0.144029345,-1.691960864,-0.452447159,0
-0.675625576,-0.948341531,-1.517459286,0.321509229,0
0.146072564,0.96496868,0.2911635,-0.289040241,0
0.497020639,-0.736383499,1.673152547,2.131710337,0
1.069252076,-0.170472397,-0.483997981,-1.0132765,0
-0.439209857,0.621797942,-0.732565797,-0.027991024,0
-1.388897103,-0.865441996,0.201773232,0.369913113,0
-1.040257451,-0.456352579,-0.439783146,0.401856657,0
0.893510313,-0.705286064,1.137321828,0.185925208,0
-1.150910402,-0.651646075,1.640684935,1.018666408,0
0.123712092,-1.352544206,0.910001623,-1.09329529,0
1.179268599,-0.752526519,-0.400094645,1.823942756,0
-0.48024505,1.258544266,-1.57632687,1.002327708,0
-1.725721413,-0.402892723,-0.681165071,-0.44446245,0
-0.194033938,2.029591302,1.754285406,-0.795807292,0
-0.507217805,-0.349497566,0.220539226,-0.168806435,0
-0.573655382,-0.890225174,-0.509007228,-0.361831728,0
-1.373860291,-1.033471857,-0.422187414,-1.327500226,0
-2.452027249,-1.210579884,1.649565972,1.378896514,0
2.025868946,-1.153838324,-1.116962557,1.873140992,0
1.787202608,-0.420625225,3.711465966,-0.872304765,0
0.014034898,0.729934279,-0.306376082,0.739371517,0
0.084822409,0.633217634,-0.949824513,-1.362818114,0
-1.938365492,0.009938133,0.556259463,-0.355069467,0
1.644506954,-1.347247429,0.76608801,1.172244639,0
-0.427140038,0.421166555,-0.102138669,0.244735078,0
0.391608154,-1.039616058,-0.163214292,2.178172782,0
-0.518834319,-0.485674085,0.553882744,1.461934685,0
0.011661353,0.284642204,-1.876405224,0.916394556,0
0.239465793,-0.142488147,-1.348476066,-0.413658581,0
0.766709546,-0.66146745,0.239005767,1.006466985,0
0.94675757,-2.077954782,-1.875587268,-0.829338198,0
0.24773863,1.114799884,0.26473463,0.147262144,0
0.249818403,-0.390394035,-0.323680302,1.450050325,0
0.175089987,0.103856014,-0.214661503,-0.043535772,0
-0.198161445,0.079375658,-0.259978476,-1.183013134,0
0.659592326,1.623917217,0.161509527,-0.695368411,0
-1.472846354,-1.017915275,0.000726366,-0.296970987,0
-0.250610152,1.357667092,1.154974657,-0.68032532,0
1.337235712,-0.038474484,1.060147085,-0.074515098,0
0.417072264,0.35940439,-2.01386208,-0.717979375,0
0.116288609,-0.642634409,0.890524793,-1.067531307,0
-0.368619945,1.570520707,0.234855309,0.216831701,0
0.528841047,-0.289279932,-0.017522042,-0.252982272,0
1.517870151,1.259378664,-0.936693152,-0.786507304,0
0.094936986,2.169074877,0.753899466,0.272446964,0
1.672397636,1.528313793,-0.042108704,1.65914881,0
-0.398192047,0.913043997,-0.411521708,1.191445692,0
0.683248995,0.612943721,-0.612555637,-0.189327672,0
-1.709763154,-0.188260044,1.947448231,1.282468892,0
0.179200761,-1.697380468,-0.303396535,-1.612800131,0
1.406864328,0.124418841,-2.98970472,-1.483389182,0
1.205314608,-0.332008809,-0.332935537,-0.667152687,0
-0.890081079,-1.405311424,-0.443999079,-1.051178355,0
-1.672987344,-0.503550374,-0.723610138,0.382237664,0
0.003201589,-0.407593939,1.194464903,0.342260978,0
-0.795461248,1.857824489,1.446571934,0.631223573,0
0.073055058,1.103102012,0.635257316,-0.782785796,0
-0.315842367,1.950073066,0.423752459,0.458263859,0
-2.056561167,0.766219243,-1.342959105,0.932750201,0
-0.853860192,1.707782315,-0.629987906,-0.857976208,0
-0.036414152,-1.049554182,0.700380464,0.013419369,0
0.893826272,-2.917911205,0.644789741,-2.108912017,0
-1.573722144,-1.033876265,1.28367924,0.307147515,0
-1.100965856,-1.029686495,1.57970656,-0.517957301,0
0.523035072,-2.555377646,0.174837568,1.019204097,0
0.38415655,-0.27188232,-2.016243708,-0.277181916,0
-0.664552347,1.043454349,-0.135794236,-0.294082419,0
2.521715745,-0.444985226,-0.886007057,-0.53040686,0
-0.393172942,-0.413686311,-0.270908438,0.194377038,0
-0.255022584,0.987488421,0.875058469,-0.211675054,0
-0.530513766,1.413728838,-2.778940991,-1.642427803,0
0.086191838,0.234686502,0.746290985,1.03446804,0
0.578775703,-0.875461468,-0.433238856,1.282780278,0
1.929682099,-1.148346652,0.547962561,-0.478170728,0
-0.325779182,-0.594568748,-1.164482477,0.406572917,0
-0.954360872,-1.132881387,0.506459506,-0.275955553,0
-0.875245127,-1.80294385,0.487287499,0.066184119,0
-0.242677219,-0.300023763,-0.442887657,0.112074427,0
-0.13705869,0.776235406,0.568538742,-1.26629735,0
0.878634614,-0.40065155,-0.367430642,0.338204955,0
-1.067334739,0.192707849,0.85035776,0.013600203,0
0.938597705,0.903723645,1.62582093,-0.71383299,0
-0.280296426,-0.64177378,-0.150224614,1.093954664,0
1.190809252,0.3972841,0.753617974,2.807660622,0
-1.359352682,1.890169754,-0.730595546,-0.174776154,0
-0.166694412,0.354445211,1.800567272,-1.073131862,0
0.372163395,-0.94121649,-0.062758961,-0.155172374,0
1.08840106,-0.959516692,0.190783274,-0.004169325,0
0.009975,-0.460363678,1.016680277,1.170484428,0
-0.252801388,0.218979055,-0.738499229,0.642536195,0
-1.374469826,0.923881299,1.076993562,1.526821508,0
0.13967137,0.540704568,0.352742639,-0.423610455,0
1.945682473,0.34012637,0.005545895,-0.925787973,0
0.506486537,-0.94452359,-0.381743791,-0.463698951,0
0.012274099,0.255558358,-1.509691069,0.017206751,0
0.316094035,-1.45034716,1.18409435,-1.1233704,0
-0.587662592,-0.172344266,0.971428122,0.397886462,0
0.647788101,0.802354885,1.675114154,0.175810324,0
0.189829643,0.481032285,1.958855225,0.800409782,0
1.58000397,0.783170076,-0.231771294,0.127529235,0
0.337574546,-2.269175772,1.030532287,-0.818823288,0
-0.079087767,0.543397811,1.274229024,0.237111892,0
0.086507018,-1.198290261,-0.081837674,-0.324834044,0
0.076010029,-0.653647646,-0.027610702,0.609992808,0
-1.990136825,1.025491695,-0.023198879,0.840931905,0
0.38901442,-0.455775493,0.236332882,2.538231941,0
0.421857507,-1.713190147,0.221354024,0.764191801,0
-1.776545145,0.779489339,-1.463924198,1.036853692,0
-0.196256218,0.702205665,-1.266760829,2.453290424,0
-0.578575089,-0.611054947,-1.522633363,-0.965630087,0
0.593715332,0.50502512,-0.441581958,0.610457908,0
-0.087187581,-2.349213181,0.527634052,0.470991989,0
-0.059908353,-0.3976984,-0.068389357,-1.073282502,0
1.497643524,0.422308617,1.16210403,-0.574121928,0
-1.389550637,-1.242063325,-0.631876084,-0.304434134,0
0.662970575,0.365315149,-0.955399238,1.153893782,0
-0.950597097,-0.113568141,-0.359867815,-2.026241815,0
-1.729531658,1.65768096,0.967483551,-1.517472036,0
-0.247571069,-0.241776214,-0.192502292,-0.864136991,0
1.968897736,-2.437930872,-0.757422893,-1.972412575,0
-0.445879167,-1.695322856,0.043947826,0.34003412,0
0.590572542,0.372157465,1.933890084,0.071534193,0
-1.320192343,-0.165076265,-0.430164316,-1.996775857,0
0.568224045,1.289003916,-0.198257439,1.187793976,0
-0.981239808,-0.086617323,-1.202882251,0.711660515,0
-0.106162623,-2.262290652,-0.561935305,1.923650305,0
1.738967285,-0.581856849,0.752241073,-0.829031531,0
0.645937415,0.731364712,-0.350349189,0.477639162,0
-0.047166141,-1.004065441,-1.057177286,-0.154850559,0
-2.038860403,1.323346576,-0.675362205,0.511501088,0
-2.480874308,-1.054508311,0.249053534,-0.07042657,0
-0.461905982,0.910198709,-0.63472356,-1.049457315,0
-0.863476832,0.160787175,1.183949236,0.701676445,0
-0.190778732,1.367357531,-2.582191305,-0.314937663,0
-0.118227946,0.41037047,0.226232288,0.557639176,0
1.723122305,2.091591167,1.528650156,-0.041977583,0
0.346779513,0.339443484,0.544884076,2.195038293,0
-0.792152773,0.070796147,1.07120252,-0.595218895,0
0.081057127,-0.892664641,-0.384078803,0.135933279,0
0.283986566,0.411502354,-0.273410976,-0.160548369,0
-2.065833785,-1.139391732,-0.619633792,1.311092769,0
-0.27568189,-1.049648568,0.032122723,1.155993834,0
-0.172916052,0.73501712,-0.52674737,0.551716742,0
0.660780712,1.611572784,0.567367147,2.41534383,0
-0.589056299,-1.801945981,3.190247721,0.091362364,0
0.282801809,-1.248875846,-1.170024092,-2.251133757,0
1.319554187,1.085430364,0.43613445,0.332815316,0
-0.365747791,-0.463513147,0.64032046,-1.768873883,0
-0.758772185,-0.538819663,1.177476362,-0.910372228,0
-0.336967029,0.686511545,1.075667416,-0.785929242,0
0.196542297,-0.918385511,-0.298585618,0.771679525,0
-0.368527767,0.447281631,0.182661444,0.533877139,0
-1.830957885,0.438349059,1.506485086,0.643762442,0
1.004008557,-0.142717294,0.380805211,0.980850882,0
1.468721851,3.153954154,0.526243639,0.109320272,0
0.440392583,-1.167025437,0.277680958,-0.200701034,0
2.125486411,1.790541235,2.190692591,-2.453754022,0
0.365233845,0.271817549,-0.60720505,1.488816196,0
1.178478533,-1.604938803,-1.035939694,1.07258673,0
1.308635459,-0.403050431,0.091949831,-0.103093362,0
0.332858495,-0.30777009,0.587716671,0.729457021,0
0.164638663,-0.524723385,-0.280147123,-0.466643174,0
1.903379685,-0.823856248,1.27981334,0.110974925,0
0.517358735,0.824390377,-0.405771212,-1.011159852,0
-0.634067047,0.298628227,-0.917813286,-0.479405842,0
0.030196605,-0.314552888,0.558499345,0.935060868,0
-0.860529694,-0.659392775,-1.593316751,-0.91255269,0
0.820737852,-0.180905835,-0.591038411,-0.23342112,0
-0.164507783,-0.454070977,-0.165781976,-1.08532289,0
-0.359962538,-1.500139714,-2.227739694,0.159105864,0
-0.39701991,-1.708988747,-1.073961581,0.160680115,0
-1.515307586,-2.560862547,-1.076483945,0.69275734,0
0.144583505,0.251615941,0.337100981,1.18146188,0
-0.196980247,0.968679207,1.126170749,-1.734400151,0
1.015050321,1.487295773,-0.601547622,-0.718635242,0
0.295759141,-0.00105694,2.012083745,0.833087514,0
1.273370744,-0.784805423,-1.167648356,-1.315385804,0
-0.052128732,0.297547068,0.615201458,0.51921289,0
1.154221715,0.201617445,-1.085001093,0.371648716,0
-0.804740636,0.460668291,-2.822845864,0.558187861,0
0.47367996,0.797034116,0.878549564,0.328694846,0
-0.071263861,-1.481772065,0.004201107,-1.231269084,0
-0.387163926,0.122387766,-0.265789032,0.430468028,0
-0.316966855,-1.249604589,1.487434629,-1.066291392,0
-1.664971982,0.098535863,0.885052212,1.901651794,0
0.744258205,-0.344964792,-0.036666139,0.378077852,0
0.562492104,-2.395440738,0.137622625,0.569237709,0
-0.560265071,-1.477665848,0.531291219,1.551984251,0
-1.339980971,2.265105193,-0.500087742,0.938105313,0
-1.471338808,2.006305876,0.333062063,-0.949629477,0
-0.465202017,-1.578446455,-0.045503559,0.314025574,0
-0.381683602,-0.016765942,-0.300243452,1.80641076,0
-0.227842992,1.309143125,0.877305729,0.80774192,0
-0.284802467,-0.168589013,-0.67565375,0.405861786,0
0.575957949,0.666507057,0.73624904,1.086946362,0
-0.020355095,1.575319998,2.141157656,-1.027816802,0
-0.781372973,-1.559363818,-0.645467091,-0.70830806,0
0.078112484,1.280328928,0.293205377,0.095950724,0
0.27090548,-1.169203638,-0.553887949,-1.506918825,0
-1.644344829,-0.180498421,1.179257717,-0.372661364,0
0.484465771,-0.455895007,1.798125663,-1.336677434,0
1.11442183,2.179550175,-0.164980792,1.105621468,0
-2.239637622,1.237600745,1.025220541,-0.381611254,0
0.858606286,-1.426592299,0.237454054,-0.139388087,0
1.920640104,-0.869656859,1.02589541,0.023738239,0
-0.392161444,1.569820749,-0.508683163,0.243274843,0
-0.050094712,0.211643815,-0.2243025,-0.821150732,0
-1.56722625,-0.169100418,0.368183733,1.825354656,0
-0.191655612,0.010944958,-0.480532505,0.708245586,0
0.093394562,0.044715938,0.346650023,-0.097003999,0
-0.261391456,1.186651233,-1.352022533,-0.790624424,0
0.80259241,0.788946672,0.10326861,0.073079026,0
-1.196840946,0.436575706,0.211457062,0.808154998,0
-0.713424091,0.075458673,0.281660402,-0.853396028,0
0.942864772,-1.13681204,0.760650567,0.000657692,0
-0.320785644,0.62129419,0.665635046,-0.361042831,0
1.158713656,0.270998554,-0.687861276,1.409841234,0
-1.715308252,0.292870511,-0.555779182,1.353963186,0
-1.162213711,-0.917879402,0.44453039,0.078324908,0
1.292879697,-0.022186086,-1.079936273,0.694930616,0
-0.073472446,-0.540423108,1.282240249,-0.663561137,0
-0.617409943,-0.408389116,0.092628901,-1.286853107,0
4.311643774,-0.906894874,-2.673368109,0.591095676,0
-0.566332798,-0.804376741,-2.316465451,0.352838583,0
0.124082626,-1.037115402,0.906539996,0.762825492,0
-0.531698686,-0.174778365,0.568314118,-1.605860992,0
1.693502183,-0.279961321,0.970785211,1.60260059,0
-1.335799717,-0.515750883,-1.114158887,-0.035278901,0
-0.550675523,0.795781472,-1.267748179,0.066588149,0
-0.632923687,0.452775475,0.338537372,-2.148521067,0
-0.412220746,0.17195995,1.137191157,-0.966353325,0
-2.261986683,1.123467982,-0.37341903,0.642067456,0
0.036111449,1.487388583,0.931854892,0.736610383,0
-0.076710111,1.361502043,-0.099257305,-0.176018581,0
1.690949878,-0.045534915,-0.739643035,0.282518579,0
-1.750594656,-0.182408184,1.451549086,-2.478003554,0
-0.233456469,-0.348782939,0.26371615,0.291494669,0
0.446933303,-0.426310387,-0.444966656,1.414727184,0
0.096839117,0.720837095,1.054995723,1.758195972,0
-0.244240003,-0.075761103,1.146688359,-2.135750866,0
0.527526049,-1.333173745,0.427780465,0.630617139,0
-1.070981669,-0.783019636,1.785681609,-0.245298804,0
-0.082188777,-0.231156006,-0.206978048,-0.217802978,0
-0.733987507,-0.045627905,-0.700485115,-0.918368995,0
-1.33789436,0.651618184,1.391063667,0.471953378,0
-0.591226091,-0.837428824,-0.707239625,1.694247738,0
0.618713438,-0.639919674,0.526146754,-0.487584348,0
-1.465758061,-0.265971903,0.036561148,-0.438171231,0
0.935812298,0.502899176,-0.287854576,-1.290446059,0
-0.740747526,0.896038412,2.080546022,-1.109947903,0
-0.411861545,2.02322779,0.118643491,0.19986652,0
-0.998576954,-1.028556898,-0.851510975,-1.181649516,0
-0.061128691,0.118102781,0.587728223,0.955547532,0
-0.432454987,1.142997042,-0.914207216,-1.373813115,0
0.179955907,-1.126140777,-0.378313693,0.209581532,0
0.979161429,0.145226076,-0.783622086,-0.837577934,0
-0.304796085,1.795887616,0.603175933,2.966721647,0
0.766803448,-1.404794967,-1.103574324,1.362896013,0
-0.89651152,-0.068406568,-1.072130567,-1.852597224,0
1.380581354,0.56206657,0.5545046,0.239711533,0
0.34082402,-1.898174162,-1.380096238,0.201160761,0
-0.138430103,-0.020041454,0.898704027,0.284047082,0
-0.373705565,-1.963712195,-0.823785958,0.241435868,0
0.223574598,0.350268667,0.094511337,-1.489629953,0
0.144678292,0.190536305,2.334917264,0.599263702,0
-0.244177314,2.472341066,1.021329681,-0.49750372,0
-0.634317572,-0.310287136,-0.226102962,2.303831793,0
0.780955693,-1.578206286,-0.80249958,0.68326276,0
-1.344360198,0.826696832,-1.030050274,1.506883711,0
0.261295789,-0.531622162,1.152126839,-0.458529651,0
1.136422037,0.239647242,-1.100711518,1.432355544,0
-1.629340122,0.78153866,-1.290370249,-0.496109544,0
1.273772063,-0.269574258,0.153433501,-1.726253618,0
-0.598826308,1.740875869,0.72842102,-0.540932487,0
0.389984972,0.055634361,-0.264829597,0.197541614,0
-0.648046818,0.435755605,-0.140293652,1.146938794,0
1.827269033,1.380323638,1.260342068,2.538516129,1
-1.111663564,-0.299657117,-0.354882291,-0.200656703,1
0.749680829,0.423488857,1.161684611,0.1437307,1
0.979575111,1.319899219,1.198606066,0.484224561,1
1.241211816,2.192591857,1.795433998,1.714424898,1
0.896976196,-0.536638387,-0.996920666,0.11228709,1
-0.67801325,0.803065718,0.160502673,-0.130824939,1
1.531840364,0.995713906,1.051931243,-0.759391847,1
0.341176206,1.202378369,0.479587172,0.902831258,1
0.508727328,1.899119929,1.349678192,-0.583437493,1
0.326615974,1.584826085,0.062735825,-0.174620426,1
0.534600309,1.218703505,1.991614014,0.85385973,1
1.347960684,1.434263945,1.842800374,0.783763949,1
1.403420706,-0.578122002,0.407882118,0.476658639,1
1.20068254,1.393633099,-0.031158789,0.415956738,1
-0.726067838,0.842552516,1.38535152,1.554911763,1
0.299669508,2.315858146,2.374338301,-0.914654096,1
0.995527316,1.097181884,1.0210532,1.212516434,1
0.017092917,1.381202459,1.360569223,0.546117408,1
1.494081493,1.705323261,0.600835563,0.763167733,1
0.654803801,-0.330645489,1.035173506,1.568750651,1
1.151749597,0.858470128,0.736208567,0.409539853,1
1.725695305,0.27604092,1.591795896,-1.473181525,1
-0.094835506,0.649691874,2.748456637,0.206965324,1
1.756858731,1.285541488,0.083636763,0.255709415,1
-0.030170932,-0.106183343,-0.462799553,1.629845411,1
0.399209261,1.210843673,0.363147936,1.062387792,1
0.2745509,1.603478298,0.06347937,0.038016744,1
0.595189055,-0.953670259,-0.837368688,-0.508160651,1
0.495069561,-0.661236713,1.12174417,1.913203222,1
-0.255662678,-0.764149657,-0.229699113,0.400291642,1
1.993686737,1.018945035,0.899329543,3.379848329,1
1.774263599,2.848890336,0.324098344,2.351345022,1
1.234245384,0.170857692,-1.571971491,2.635212793,1
2.681037337,1.672513458,-1.314952895,0.353088629,1
1.055257323,-0.457959555,-0.038158676,0.143708273,1
0.633777328,0.705715774,1.235427971,-0.034613428,1
1.517504123,0.313603406,0.463385279,1.522251754,1
-1.148654296,-0.277287408,1.340734554,0.490705417,1
1.908477013,-0.668560768,0.89546028,1.467888512,1
1.932211434,-0.407134518,0.063209802,0.330977419,1
0.945025054,1.622310331,0.793869065,0.38136646,1
-1.826740909,0.2932196,-0.067191431,0.976419273,1
3.40632147,1.270600608,1.237444983,0.078729752,1
-1.091750697,0.533092224,-0.739930518,3.643452951,1
0.440089416,0.642433467,1.655464803,0.615595338,1
0.219895052,0.207872282,0.400698854,0.506245929,1
0.086360251,0.58466419,1.670010147,-1.68462576,1
0.655410972,1.273081775,1.588665028,1.688259967,1
1.383468457,2.213230024,0.209516157,-0.109283294,1
1.939678956,-0.024359886,-0.899861209,0.810419244,1
-0.45613404,2.856388405,-0.820951785,1.079407495,1
0.884823027,1.172404443,1.037353643,2.471781447,1
1.152693364,1.024618853,0.335612149,0.816591914,1
2.347050645,0.084329278,0.932666242,0.1362491,1
1.58584313,0.597119891,1.270760523,-1.589299588,1
-0.131030493,1.362225983,1.437754658,1.970366878,1
2.318915787,0.746464667,-1.234222472,0.195530646,1
0.748119779,1.059240505,1.537244616,1.012035244,1
1.843088556,-0.155278792,-2.50312894,-2.069503199,1
0.642141113,0.362890973,1.095483456,0.293047627,1
-1.359970498,1.433825277,1.181070176,-0.592360166,1
0.367163482,1.251146508,1.434295117,0.494912427,1
-0.426333006,1.745975075,1.789377342,0.731821403,1
2.35731992,2.185604837,0.727092305,-0.390283336,1
2.686801049,0.526414609,-0.110680132,-1.434645824,1
1.388524373,0.639773179,0.314684956,0.849511667,1
1.859493085,1.129084476,2.119302397,0.984583261,1
0.723915866,0.649458063,-0.529890122,0.06311952,1
0.908750216,0.760435575,1.073229259,1.224350648,1
2.212257076,-1.483155194,0.802896006,0.536913876,1
-0.292385878,-1.230902128,2.922711521,-0.323647696,1
-0.150928928,0.124423162,0.458613778,1.772014075,1
1.7330397,-0.393467303,-0.051186588,0.714753744,1
0.047681922,2.128682811,-0.775575882,0.974349075,1
0.323171318,1.336506272,2.15019229,0.703596301,1
1.160826849,1.075827062,0.444018808,3.049053564,1
0.358715005,0.903586837,2.568277641,1.545143939,1
0.917764865,0.612079985,0.300988819,-0.359276912,1
-0.999998193,0.906384867,-0.763995615,2.253857329,1
0.541640414,-0.240575839,2.523006882,-0.153432818,1
1.74241642,1.588939522,-1.085401865,1.360753173,1
2.2141758,1.625565836,0.013862016,1.127612517,1
1.384881557,0.338608529,0.41894018,1.48966811,1
-0.017007882,1.130468593,0.563010324,0.499575469,1
0.406169219,0.445158124,0.522052495,1.362760985,1
1.413536447,-0.880866286,1.580401178,1.319704636,1
0.17923833,-0.036881834,1.476030915,-0.474652038,1
0.462547634,0.254937383,-0.218537141,0.966141281,1
1.151959358,1.38681536,0.804939996,0.774527343,1
0.502377868,0.240483693,0.763649832,-1.815340194,1
0.389709493,1.654600979,-0.031581159,0.653440595,1
0.560747698,0.878487541,2.194657301,-0.122386085,1
2.64517315,2.560944199,0.807161364,0.040230413,1
1.48623873,-0.167569195,-1.263852641,2.694154966,1
-1.16932346,0.048742412,0.56722729,1.699481807,1
1.457338134,-0.536216466,0.919208935,1.169431288,1
-0.146288076,1.559517896,0.478962283,0.349405922,1
0.676397152,3.158532992,0.801376916,1.891262198,1
-1.076378448,1.137230119,0.398424815,0.514624845,1
0.85919878,0.402331393,1.855074661,0.788793967,1
1.801274829,0.815592255,0.457280339,-0.825374071,1
1.638988523,0.677850058,-0.001451613,0.235315355,1
0.369455452,-0.099592388,-0.829379227,0.70693201,1
0.721250515,0.017387865,0.613285826,-0.052156111,1
0.286511945,1.57626039,0.755097968,0.592206105,1
0.927509191,1.331620648,2.603949797,1.279960462,1
0.571761791,1.10017089,0.243348226,1.670732405,1
1.189401736,-1.72308641,1.478978513,1.087788188,1
0.299324022,1.603339385,-0.064072847,1.599035921,1
-0.616786353,0.741799195,1.291255718,-0.41163364,1
-0.425161686,-0.908975484,1.771633564,-0.056902763,1
0.264202324,-0.093897772,1.233066628,0.034920606,1
0.440971565,-0.435942218,-0.095313787,2.599060232,1
-0.848022195,-1.754926593,0.536761645,-0.731156126,1
2.211003684,-0.890076249,1.135514476,0.786529202,1
2.185862465,-0.700968275,1.727827755,-0.554602664,1
1.45471198,-0.407615966,-0.681020315,0.848794921,1
-0.404194663,1.898511748,1.699671826,2.750640666,1
-0.103729239,0.234792456,0.174237088,-0.735050778,1
2.660420362,1.372623589,0.310191984,2.61124925,1
2.310627575,1.051583622,2.425879088,0.440538112,1
0.733055634,2.058437001,0.526976376,1.312108063,1
-0.747548193,-0.487334921,-2.251112382,1.562527534,1
2.708631578,0.102778005,0.808310011,0.435142161,1
0.441531988,1.06904831,0.158182388,1.476919396,1
1.362224243,-0.087868244,1.039359332,-0.930751181,1
2.858285625,-1.162140038,0.381654311,3.70541599,1
1.321696581,0.831545233,0.797612621,1.415400967,1
-0.009667813,1.651525561,2.738039423,-1.559577378,1
-0.226528342,0.622363922,1.082228518,0.60911737,1
1.52581647,1.268839617,1.146341441,1.606216601,1
1.290895854,-0.309434149,0.9560335,-0.030478934,1
1.113847769,1.637574974,2.238643346,1.072695177,1
2.269174,2.532963731,0.569471358,-0.134722341,1
0.259404684,1.554094429,0.205157105,2.12569059,1
1.46310583,2.024329687,2.384453602,-0.031111039,1
1.591714789,0.811811225,1.413714385,0.856322972,1
-1.159607928,0.650710612,-0.459801405,-0.310279834,1
-1.579511607,0.974422275,1.112799726,1.225000242,1
0.89364226,2.111668427,1.537130096,-0.026162905,1
-0.217547464,1.332525101,-1.361442499,1.764504092,1
-0.002843126,0.910268526,-0.607964376,-0.131159264,1
1.631964943,0.556703307,1.486623869,0.597945784,1
0.850361205,0.971923887,0.331920679,0.209640088,1
1.368788018,1.861129194,1.964361365,0.919935821,1
0.150871622,-0.218176092,1.348456759,0.217503901,1
0.701231928,0.081107398,0.806263978,1.915368503,1
3.966643874,-0.955377216,1.392000104,0.538398496,1
0.802733743,1.969065426,0.466837049,-0.79687836,1
2.746701864,1.578136844,2.419744406,-0.510730051,1
1.650019492,1.344843564,-0.065845405,-0.186816718,1
1.051399118,1.05339498,1.132117822,-0.313503815,1
0.221391381,0.737673584,0.987910462,2.161504814,1
0.415097637,0.113641159,1.192188413,0.54163215,1
-0.663655701,1.09960536,-0.051164566,0.741885052,1
0.507902929,1.06333185,0.599010897,1.663516455,1
0.345466595,2.297229074,0.194507459,0.372712029,1
0.95271061,-0.072901741,-0.479306293,1.705031223,1
0.924122305,2.504404536,1.446121898,0.261304964,1
1.216120012,1.806736497,1.066034278,0.915135507,1
0.967799214,-1.165818129,-0.002400514,0.174238447,1
-0.705104397,1.578379868,0.861047487,-0.486425683,1
-0.342654147,-0.391544874,0.907076296,0.342417549,1
-0.24041668,1.243222654,0.13014502,-0.355772048,1
1.729346799,-0.735736223,1.621735158,-0.108429609,1
3.632756074,-0.02630093,1.389850073,0.027411481,1
1.700453307,0.546945598,0.210008855,1.498428609,1
-0.31424247,1.134046751,2.10154107,0.509076087,1
-0.603665369,1.906162433,1.764991536,-0.994381318,1
1.327782177,1.867052715,0.756243344,-0.554922112,1
1.069167904,0.624941857,0.627213001,2.27019844,1
1.000402243,1.689047553,0.390365105,0.669182684,1
1.176952514,1.801315085,0.730180565,1.154726108,1
1.452983842,2.757870928,-0.520471159,1.856190368,1
1.814608126,1.914282979,0.443406049,0.181297645,1
1.903239284,-2.086903126,1.031978236,1.723431642,1
-0.771344883,0.466875558,2.38652904,1.697912058,1
1.230188374,-0.697133195,1.048494412,2.585476423,1
1.007811279,0.988158058,1.393345931,1.105806566,1
1.347406288,1.753436935,0.474479132,2.951452379,1
0.191620195,0.066790605,0.413303823,-0.077388571,1
0.265742553,1.106716462,1.066878859,0.979019078,1
1.517558755,2.8236195,0.352660097,-0.30742738,1
-0.456842643,-0.079644358,1.342227425,-2.149573232,1
-0.279652031,-0.812638701,-0.336726404,-0.139826296,1
-1.033575369,1.156481998,2.077273311,-0.068050006,1
1.266836397,0.748147583,1.495826116,-1.122228426,1
1.569672566,1.772837955,0.676690034,1.077794037,1
3.322278,2.783544078,2.282028596,0.391677785,1
1.094462371,-0.9756904,1.493155049,0.52838134,1
0.259255943,1.710068112,1.614492992,1.330810454,1
0.759621069,-0.177787116,1.37538773,1.656104048,1
-1.07575326,2.392542231,1.84392199,0.40437763,1
-1.295706526,1.110185574,1.413305013,0.925875286,1
0.709665163,0.078422688,1.367964135,-0.867238292,1
0.663483579,1.977745408,0.135788219,1.503592898,1
0.528611695,1.876917457,1.798860931,1.202528451,1
0.25053241,0.619810453,1.181388145,0.229023254,1
-0.418371334,0.495872128,1.13038858,1.276880287,1
1.584721422,-0.738425775,1.58074704,0.683550489,1
-1.410561698,0.904121141,-0.078186043,-1.186688847,1
2.211875291,-0.820986351,-0.794101566,0.853183509,1
0.322349326,1.117684503,-0.182904185,1.24127172,1
0.847869598,2.13434176,0.2205184,1.795327881,1
-0.192796942,0.864547649,0.252847855,-0.051524712,1
-0.047798891,-1.576587631,0.597069825,2.117916865,1
-0.949136934,-0.003677223,0.807358922,0.902387132,1
0.71229927,0.738774566,-0.203050904,1.170622275,1
0.710110802,-0.149185559,1.581376847,1.350960192,1
0.211502501,-0.392498277,0.984000845,1.839088651,1
0.40037339,1.165463259,-0.469519099,0.392638631,1
0.125736501,1.722875121,-0.51843458,1.261825986,1
0.697572817,0.790323533,-0.303162363,2.753892264,1
-0.169863245,-0.016409561,-0.055934031,0.698639095,1
0.850201046,0.167499008,3.093942402,-0.612089007,1
1.253173283,1.153113756,0.175294042,1.199317546,1
1.409350588,-0.869301365,0.454335042,1.233105828,1
0.9571512,1.029163968,-0.178038071,1.093502016,1
1.085991014,0.878552715,1.064044135,1.156423045,1
1.08784807,1.363572557,-0.675081091,1.158798534,1
1.3866054,-0.326719545,0.598598971,1.298603924,1
-0.125896662,-0.090826339,1.097980026,0.615655384,1
2.668448076,-1.292288164,0.621305156,0.990662911,1
-0.873056448,1.184701789,1.019253363,-0.791712037,1
1.004177235,1.655852258,-0.032574176,0.92068731,1
0.923225661,1.203334224,1.941621763,1.156044727,1
1.937431571,3.090494497,-0.810234205,0.678102572,1
0.713315253,-1.646733375,2.240405352,0.155826585,1
-0.478062772,0.565933897,0.454401381,1.775082925,1
-0.750106101,0.516679689,-0.178886835,-1.669247719,1
1.94797009,1.003701463,0.937641304,1.123614441,1
0.333132336,1.119152856,0.290043945,1.471388158,1
1.718067154,1.724331697,1.313443476,2.197163958,1
0.0143084,1.061741401,0.020933717,0.052158886,1
-2.737686719,-0.21101646,0.871740042,2.167340625,1
-0.252228804,0.912537958,0.952502419,-0.065582907,1
0.961885339,1.450176363,1.535514968,1.715117049,1
-0.880355686,0.523562674,0.382691276,0.777783282,1
2.333851219,0.077966235,1.630775235,1.475557516,1
0.10030786,2.771262294,2.136428241,1.16931954,1
1.386829563,1.077253293,2.096021993,0.113253948,1
0.679932051,0.353401693,-0.894589906,1.176967855,1
2.301029827,1.264930279,-0.578444318,3.209761942,1
0.023310659,-1.338893381,1.770518331,1.496000166,1
0.310424484,0.809073352,-1.419692288,1.452988157,1
2.57500839,1.842677956,-0.36589268,0.603385333,1
0.464579016,-0.798078948,1.553739094,-0.455548318,1
1.47521347,1.670519412,2.359947902,1.003788262,1
0.92543111,0.455234515,0.02620289,2.027976089,1
1.285474756,-0.95130845,-0.596342234,0.083533574,1
0.161474935,0.721968313,1.197387885,-0.153477772,1
-0.453654369,0.300213421,0.104585962,0.50892138,1
0.892853802,1.197096178,0.036547973,-0.416332294,1
-0.719384801,1.513862227,1.392937112,0.315987263,1
0.079790667,-0.494567306,0.803746519,-0.798189959,1
1.632603387,2.136689763,1.314369756,1.651725129,1
1.2869542,-0.526092358,2.470998436,-0.755603688,1
-0.032147502,-0.338304595,0.351339437,3.223933945,1
-0.334574049,-0.441704264,0.461870471,1.689198352,1
2.289962742,1.990136891,1.254423713,0.111462143,1
2.613706477,1.589486186,-0.383930541,-0.008146756,1
0.734361118,0.067886314,0.999077454,1.84044302,1
-0.174109871,1.173566319,-0.370069247,1.540776542,1
1.571524034,0.642864989,1.252886587,1.897012039,1
0.266594864,-0.395210467,-1.559780649,-0.34557007,1
1.676127322,-0.023764828,1.473870956,1.396608496,1
1.008851718,1.479564483,-1.098352579,0.331866746,1
-1.298291783,-0.009356403,1.523751295,0.382674182,1
0.087685575,0.498728425,-1.371933095,1.46879525,1
-0.103716697,0.124536722,-0.712886947,-0.465812882,1
2.69998003,0.597405491,1.542266708,0.648979679,1
-0.475652487,0.560479552,2.763493166,0.788843969,1
0.980233096,1.326908678,1.332871742,0.616985281,1
0.860653242,0.168389896,1.411556044,-0.009731176,1
-1.157424304,1.668955458,1.081445918,2.857656165,1
0.353781825,2.113478758,0.157260062,0.529054647,1
3.371001684,-0.118809043,1.227615547,-0.236772887,1
-1.001936626,2.491455712,0.658919333,1.234320703,1
0.025853762,0.146675032,0.510016027,1.606245902,1
1.264010826,-0.520690067,0.467837195,-0.036367626,1
1.625915047,2.7888355,-0.927330514,2.075585026,1
1.710234748,1.039933136,-0.42030843,-0.584897701,1
-0.903576365,1.41512675,2.297762951,1.629866532,1
0.525128348,1.730792959,0.414357407,-0.13492827,1
-1.607693816,0.714613924,0.183724007,-0.408139789,1
0.68389564,-0.163487064,-0.48046923,0.652358997,1
0.143261638,0.649978459,2.212663302,1.357240016,1
0.357287264,1.617964077,0.429769431,-0.497922688,1
1.665580966,1.481897106,0.009305172,1.046893273,1
1.526372516,0.114079176,0.680805842,0.024602232,1
0.643709484,-0.485035577,0.651097471,1.119846703,1
0.543602339,1.349970607,1.807543888,1.964443723,1
0.408127028,0.800706879,1.617642035,-0.721467214,1
-0.171543207,0.691975395,0.036691145,-0.174816888,1
1.262429285,1.620601288,0.724429122,-0.24555116,1
2.015602485,-0.775800977,1.178448039,-0.251727473,1
0.933817147,1.359094833,1.669919008,1.104785846,1
2.258073622,1.332335676,0.469004652,1.36565807,1
-0.662725656,1.672697768,0.981865446,0.586349882,1
0.503437075,-0.057771923,0.115442412,-0.031931958,1
-1.355006301,0.863465891,-0.531061736,-0.594269301,1
0.934586066,1.41837496,1.452850185,0.041316537,1
1.441345248,0.423941793,1.007549649,0.427349861,1
1.337551593,2.751511906,0.367627382,1.53592007,1
2.440567407,0.831641968,0.218016754,-0.214848081,1
-0.334778418,-0.25348279,-0.433173315,-0.123365012,1
-1.068615733,0.007296059,0.373706406,0.788026525,1
1.408996549,0.767802483,1.563646961,-0.65555073,1
-0.053287733,-1.125608915,-0.181962501,-0.604691472,1
2.346868634,-1.358761418,1.277177042,0.816570634,1
1.538102283,1.556306568,0.639735439,2.317463898,1
0.88569344,0.826374675,2.054688177,2.171194201,1
0.859089364,0.253955996,0.636524079,0.887792817,1
0.779551796,1.746810552,0.534889771,1.471674201,1
0.73538433,1.961495505,0.936030981,-0.355818422,1
0.613741967,0.100910911,3.469405442,-0.69706268,1
1.19534087,-0.993714826,-0.116600299,1.988752289,1
0.367020284,2.212135057,1.737887906,-0.005588298,1
-0.093982511,-0.120967174,2.074287259,1.319568024,1
1.198031336,-1.248878751,-0.740070454,0.031828712,1
2.293613549,0.522085149,0.303260802,0.228690655,1
1.303063884,-0.366634718,1.13557724,1.808024513,1
0.109823929,1.163594215,0.155113202,2.771645252,1
1.237519066,0.395859845,1.023455975,0.878018544,1
0.862075437,1.907056922,2.290420779,2.358994387,1
0.498519308,2.19584242,-0.126238533,0.551559958,1
2.396683459,1.575656364,-0.749443808,0.012864936,1
0.702625849,0.383196154,-1.048570263,1.485732903,1
0.215422082,1.94229673,1.352813882,-0.42736196,1
1.372954423,0.866130104,1.293843541,1.26047418,1
0.850797045,1.17133752,1.097802683,1.979890869,1
2.444784155,-0.234344634,1.792206854,1.945785746,1
0.102177286,0.015196222,1.45338252,0.772514879,1
2.088571104,-0.250803715,1.755228872,2.730344245,1
1.16626679,0.678355263,1.693305126,1.191857797,1
0.959868372,2.327630094,1.480647134,0.972204115,1
3.665280016,-0.518956952,0.970176088,0.599564239,1
-0.267770924,1.043867627,0.921520401,0.884916374,1
2.031452054,1.616775659,0.161444714,1.922083932,1
0.446506142,0.625035708,-0.088641763,-0.097166039,1
1.791638309,-1.013372888,-0.489365858,-0.26965905,1
0.151899485,0.369772698,0.027445473,2.240005937,1
1.284504027,0.116884199,0.592025571,1.808434033,1
0.868090094,0.63417406,0.532011162,-0.513567178,1
1.01687616,1.459844626,0.52087837,1.98236458,1
-0.093268309,-0.022577248,-2.00297631,4.135154617,1
0.102399942,0.545557721,0.542778371,-0.5776105,1
1.011642466,1.462161581,1.714610128,-0.494653289,1
1.467267118,1.181860718,0.540884612,3.138558413,1
0.466205859,1.288621971,0.286201995,-0.645654191,1
1.407334966,0.821575431,0.277685159,0.394608135,1
1.747251274,1.226003996,-0.883988275,2.920380168,1
0.903800962,0.348957397,1.778855893,0.247524129,1
-1.018328584,1.237883761,0.419826666,2.373197664,1
2.274998325,-0.327409153,0.252796262,0.631318245,1
0.257594493,0.415109033,2.442382773,0.234082574,1
0.049851386,0.248295452,2.774085806,0.266294103,1
0.990467323,2.10906676,1.198698056,0.19131975,1
1.004712577,2.066780147,1.058395248,1.702199298,1
0.170610489,1.078645366,1.184248172,0.396963382,1
0.705239758,0.539519876,1.119502795,1.347995107,1
1.163562246,0.329388994,0.298495846,2.878742991,1
1.725967672,0.568475509,1.636543384,0.116840428,1
1.177033041,-1.530079132,2.427697696,-0.634044418,1
-0.676159964,1.087302538,1.751242114,-0.866024477,1
1.716888231,1.278381174,1.114572001,1.158181069,1
1.009208433,0.111033624,1.472046852,1.040594546,1
0.614151543,0.889919897,0.827036589,0.90154358,1
0.884497688,0.786993238,1.077341561,-1.580000966,1
-0.745542483,0.120459169,1.776395944,-1.887474386,1
-1.102827309,2.999256355,1.337772702,0.417836889,1
0.765891668,0.736143559,0.543075859,0.882743255,1
0.738766226,1.535437657,0.693952949,0.676511653,1
-0.659248002,-0.345678243,3.035981418,-0.528102746,1
2.260883278,-0.67993682,-0.147439493,1.770402534,1
-0.628168604,0.631407997,1.138068764,0.441389754,1
-0.717804801,1.400220932,1.393708681,1.492355063,1
-0.943737845,-0.131127685,0.536989104,0.768525002,1
-0.136823114,0.921018227,1.484084999,-0.510213134,1
-0.065829713,0.916425119,-0.190829303,0.066565142,1
-0.197025131,0.122639231,0.808465205,1.620475742,1
-0.174975601,-0.323992431,1.351147218,-0.248088757,1
0.246812377,1.781892389,0.891431431,0.476618255,1
-0.693935102,0.510322071,-0.193773614,-0.659384358,1
0.258202488,0.569101191,-1.148453799,0.966259587,1
0.794655992,0.301411296,0.964035573,0.348399469,1
0.776782999,1.628475123,-0.202228802,0.090543158,1
1.155518811,1.286540984,0.613580305,0.257871288,1
1.862498399,1.880653354,0.853321981,0.268045336,1
0.413316519,0.991433166,1.971612655,0.609406182,1
0.319875343,1.972010663,0.936601258,2.486691892,1
1.528700711,0.313819719,-0.887691139,1.208909058,1
0.805263687,0.888359704,-1.100141507,1.116472119,1
-0.443229096,2.004174736,0.705302272,-0.85839341,1
0.769707366,-1.548678755,1.148405077,1.327117219,1
0.9602107,1.756035014,0.472993569,-0.706280648,1
0.322944131,2.343157479,0.809219329,-0.998303434,1
0.998045343,1.093673675,1.078914986,1.196972806,1
2.779619227,1.306363457,0.610048862,1.77637485,1
2.88958918,-0.095651618,0.765324585,-0.094487042,1
1.875950797,0.807430008,-0.981150234,1.300442651,1
-1.813741882,2.626625036,-1.636938563,1.51870523,1
-0.09219425,-0.068500951,-1.661641272,2.058648502,1
1.90963585,2.875222855,1.605719543,1.421541624,1
-0.498795451,0.391084427,-0.270897271,0.521290647,1
-0.565376641,-0.536067916,0.234904126,1.986750832,1
-1.185023701,1.48936347,1.514674739,2.200660101,1
1.860621644,0.222824188,-0.807148003,0.998029359,1
2.416606449,0.268650105,-0.048429731,1.126404002,1
1.380465452,1.618041091,2.100599815,0.104204451,1
-1.724689481,0.713152724,2.961036418,0.650343691,1
-0.104416736,-0.159597957,1.059311296,0.00721595,1
0.200278483,1.60325109,0.642692747,-1.102956124,1
-0.842920147,2.078790513,-0.466283608,0.980136247,1
1.419934948,2.152865837,0.242424377,-1.03870593,1
1.114474231,1.81615857,-0.73270803,1.35747539,1
0.676013282,1.65788012,0.107356351,0.512591752,1
0.593074041,-0.123299556,3.255957912,1.184317805,1
0.61794749,0.702276071,1.598242704,0.628885458,1
-0.207229422,1.411856981,0.846588193,-1.135841428,1
0.023359038,1.337338801,-0.268459783,1.267546417,1
1.395937437,-0.242927856,-1.431246674,0.723307264,1
-0.965682845,-1.006523094,0.868968815,-1.070453239,1
2.448170977,-0.751524408,0.271181463,1.019064534,1
1.081147282,-0.182814824,0.579446786,0.319586428,1
-0.267229137,2.888604993,0.699803769,1.524165393,1
1.866865903,0.611137764,1.455816479,1.888905073,1
-0.595635921,-1.121742463,1.693200311,3.125748684,1
-0.346241648,1.434566435,0.245293343,2.018449671,1
3.806023341,0.763494089,-0.977539544,1.229852594,1
-0.214735412,-0.070660644,-0.936052736,0.590097691,1
0.129159029,0.272338963,2.520959849,1.725466644,1
0.055286152,0.851932342,1.374012763,1.923036698,1
2.891579955,0.604404895,1.559699978,0.511665229,1
0.0390806,0.604038822,0.156270245,1.613654429,1
0.705443034,0.880639102,0.339733566,0.591384378,1
-0.719978328,0.268071392,2.012254613,0.94327038,1
-1.668312629,1.742330585,2.058161572,-0.173568002,1
1.333392799,0.368147833,1.777197926,1.752777036,1
0.823334446,1.735925867,1.639234254,0.72948924,1
1.559364888,-0.1408573,1.607380542,0.517940282,1
-1.836186107,1.094750621,-0.141825108,2.880137114,1
3.49302527,0.984167472,1.61351767,-0.005328498,1
2.520287293,0.07476628,-0.543829508,-0.417651594,1
-0.120364247,0.423207578,0.374111249,0.91705081,1
1.558365957,1.137928556,-0.382792518,1.448682548,1
0.428777564,0.019727612,-0.942583783,1.574496433,1
-0.419414446,1.530018014,1.947470157,0.122121487,1
-0.10125793,1.896535701,0.539610825,-1.311548969,1
1.405494904,0.292487159,-0.972478383,0.374315265,1
0.989823902,0.337940212,0.744757668,1.015415114,1
0.60060492,0.773565736,-0.547639595,0.132265803,1
-0.36055187,1.159376141,-0.16974295,-0.625500617,1
1.206789488,0.351341775,0.108393894,0.853510994,1
0.88159009,0.439001887,1.176803994,0.571472303,1
1.000860306,-0.763049871,0.049002966,-0.146255713,1
-0.989487514,2.199621826,1.351397886,0.83321881,1
-1.101973675,-1.210756031,-0.742972678,0.817522035,1
1.62425379,-0.092709487,1.327885226,0.568238962,1
-0.935298841,0.502597411,-1.301009089,0.470453426,1
2.260408532,0.22811795,-0.861414985,1.71299711,1
0.062138591,0.61346105,0.351876819,-0.503928946,1
0.544353794,-0.408520675,0.129128936,-0.424924293,1
-0.925703317,0.973169326,-0.130155404,1.705727711,1
-0.197832422,1.877069757,1.815304894,-0.425111382,1
-0.756744384,0.075105833,0.232983293,0.614769954,1
-0.603228449,0.418328899,0.506346768,1.304889246,1
0.657581208,1.474862297,-1.393173037,1.529133943,1
-0.057332271,2.139966914,2.549155228,-0.134572436,1
-1.185507474,0.237152158,1.217920368,2.694075025,1
0.849352022,1.824105417,0.121987976,1.919523994,1
1.277257059,0.233886382,-0.333677916,-0.109884223,1
0.76136751,-0.27168503,0.386352849,2.626501869,1
1.4940108,0.716573844,0.004195723,1.248361987,1
1.543006714,-0.588826093,0.098740074,-1.626993552,1
1.716727067,1.599651148,2.113896651,2.05481176,1
1.912550116,0.039752179,0.996503343,1.045768418,1
1.618560923,0.961269996,0.291687015,2.114353666,1
1.284481138,0.412894958,0.886841844,2.564407509,1
2.478292754,1.564389619,0.03285478,-0.267989016,1
0.440844882,1.16931503,2.071936164,-0.331223099,1
-0.045591582,0.91450621,0.923713759,0.835772388,1
1.06807746,3.45544601,0.586384798,0.893484584,1
0.16590663,-0.062817043,0.441596756,0.576732007,1
0.088276532,2.09868683,-1.167745042,0.146713423,1
1.865215445,-0.278303414,0.498691608,2.024104519,1
1.096916928,-0.886971229,0.951753378,0.402429834,1
0.564962634,2.869672046,-0.994707157,0.004192592,1
1.41877887,1.944488941,2.182219901,2.168334416,1
0.669947257,-0.252184743,0.553844969,1.609751685,1
0.556624223,1.510311424,0.070117155,0.587200461,1
0.596299619,0.303771548,0.915351356,-0.496712955,1
0.551409741,1.52908977,0.569035261,2.855011358,1
0.538571506,0.153364697,0.089539748,0.735577132,1
1.191121677,0.956445416,1.641608402,0.111027107,1
0.274581205,0.285384568,1.193728493,-0.88101289,1
-1.253891184,-0.18698714,0.25421365,2.229345863,1
1.941044442,1.120056429,1.264297333,1.502687621,1
1.76353697,2.129252622,-2.065676612,-0.463822178,1
1.226627241,1.013084041,1.920091364,-1.008216537,1
0.749778145,0.761912152,0.942048582,1.27696131,1
0.258023022,1.742303914,1.451540441,1.916270074,1
0.513804238,1.699740529,-0.47988979,0.807842565,1
0.536010462,0.708697176,-0.215774369,-0.447624106,1
0.39241348,2.117827233,2.368519004,0.855646626,1
1.533580254,2.467608255,1.930293418,-0.562435415,1
-0.412577393,-0.147702125,0.990442712,1.115959728,1
1.614912556,0.658070316,1.62510887,-0.448248206,1
0.3825018,0.698055329,2.681147766,-0.877996734,1
0.433390527,1.58548226,0.344145273,1.66193216,1
0.776062281,0.485840446,0.53277469,1.330908423,1
-0.151305295,1.633865564,-1.145426047,0.630840532,1
-0.281016662,1.171894252,0.64648975,1.382442559,1
2.404837183,-1.210276025,0.101883311,1.094652374,1
-0.517369827,1.192727213,0.521303533,1.042372867,1
1.25418395,1.802907024,1.255440698,0.150476671,1
1.633579176,0.379839742,0.539386565,1.187055537,1
0.845902154,2.897231143,-1.742610778,0.532012806,1
1.706309776,0.189772776,0.42886264,-0.647573049,1
0.206874283,-0.937453685,0.619034534,0.518830342,1
2.91566219,0.840184313,1.063745527,0.258403818,1
-0.034965816,-0.576470672,1.01203025,-0.073855551,1
1.822165758,1.765412974,0.457751761,2.05712883,1
-0.308036862,0.152375862,-1.27677387,1.900895183,1
0.710952575,2.079352061,0.920739413,1.38924171,1
0.825018144,1.600008112,2.777153737,-1.011741957,1
0.5738517,1.015938638,-0.02659761,-0.871995245,1
0.583596561,1.250615056,1.509989044,-0.418289046,1
-0.321143098,0.846875202,1.230722377,1.475417209,1
0.963550964,0.675352127,1.781584469,0.161327117,1
2.946401435,1.179592722,-0.583394426,1.934497169,1
0.766664856,0.634250815,0.091021324,0.24889033,1
0.253753915,1.126358276,0.008389976,2.964439743,1
0.468554528,0.583794633,0.968293003,1.501140468,1
0.20363435,0.014889275,0.83644905,-0.867117171,1
1.474969404,1.230358695,0.193544359,1.181863396,1
-0.10246942,0.455684501,-0.507426712,1.981939238,1
0.665628731,0.68216344,1.48739097,-0.759676733,1
-0.074583855,1.816867851,0.614232831,0.862964446,1
0.615478444,0.97938439,-0.88381678,0.978961357,1
-0.308002736,0.974709515,-0.262168708,1.60031868,1
1.287569315,-1.061359497,-1.146750057,0.509565088,1
1.35032033,0.812487485,-0.273393798,0.173122885,1
0.862444664,-0.390724692,1.204510752,1.10295297,1
0.664285085,1.581613371,-1.239339739,1.430215644,1
0.672642784,1.066990973,-0.360491155,0.241969141,1
1.835456927,2.11992926,1.291502612,1.138757572,1
-0.654726597,0.489184569,1.320210857,1.377341198,1
0.475035414,0.357554645,1.566531267,2.170687265,1
-0.357659757,2.03445419,-1.086645558,1.52610648,1
-0.20203284,-0.509157487,-0.141681983,-0.209587792,1
2.138146372,3.381026757,-1.055133252,0.769067953,1
1.680112331,0.805760472,1.388211786,1.601531287,1
0.026040416,1.369060494,0.028132722,0.750795956,1
2.184340974,-0.120995646,0.227852902,1.148825822,1
0.984573402,0.91621478,1.202846443,3.32690476,1
-0.137647348,2.052046321,1.344950559,0.011752117,1
1.81410655,-0.169401911,-0.172669859,1.943401991,1
0.561115946,0.267641956,-0.074534485,-0.402579298,1
0.110441762,0.300434783,0.847337605,-0.136881647,1
0.20080212,0.794580635,-1.760679512,2.720795981,1
1.95693361,-0.385354476,0.785524299,1.238746492,1
1.564595018,1.161991754,2.362713838,0.301280358,1
-1.088383899,1.989445363,0.360799622,0.483672136,1
0.722136613,0.308491416,2.103212478,0.985376715,1
1.579395059,1.064441357,-1.261142061,1.183487787,1
-0.829782966,-0.023625251,-0.255008684,1.704646677,1
-0.224628374,1.693825094,1.513022333,1.248793469,1
-0.127001051,2.908113787,0.767150563,-0.412875352,1
-1.105682711,0.244317974,1.967067152,0.25926624,1
0.063423561,1.638159337,-0.76406745,0.162559755,1
1.383109677,0.171378101,-0.375662798,1.631849322,1
-0.622002927,1.259585829,2.023646163,1.622552898,1
-0.509113023,-1.493068529,0.374209213,1.06997028,1
2.059929773,0.410490275,-0.06912023,-0.157016745,1
-0.308830434,-0.726848331,1.780864102,0.797559269,1
-0.418726566,-0.977212132,0.22511738,1.688830943,1
0.813544243,0.445152088,-0.159575918,0.260611566,1
-0.469350658,1.917882955,1.926914411,0.726592953,1
1.661402895,0.71125456,0.108356941,0.621281616,1
-0.330800051,-0.113501393,1.614529934,2.668832253,1
2.183190463,0.720562938,1.376837312,1.964918199,1
1.126006494,0.70549723,1.554882883,1.545407475,1
1.115588563,-0.214707209,0.43554833,0.933833441,1
1.332163448,1.926058727,1.240000448,-0.774145707,1
0.593051112,0.409244557,0.422943282,-0.068425651,1
-0.146144525,1.200559234,2.72454235,0.705145677,1
-0.439453524,1.063781287,1.311269804,-0.217104432,1
1.465427064,1.211011822,1.091050489,-0.532547984,1
-0.355830024,-1.782366694,0.045552983,2.32209433,1
1.207266055,1.398675164,1.304180763,1.839844139,1
-0.991753315,1.0851283,2.651875856,-0.461922358,1
0.319844433,-0.310782676,-0.371716675,3.15807868,1
1.520492327,0.308278917,0.679473972,0.843566843,1
1.567718832,-0.674296043,-1.03183666,0.166905913,1
-0.906470271,1.759922334,1.952878156,0.937747402,1
-0.737954913,-0.233737838,0.446166734,0.119345619,1
-0.505842211,0.740918846,0.513986977,1.432076585,1
0.665349291,0.438443177,0.344335002,1.278679957,1
-0.66221591,2.505809549,0.940514761,1.443676139,1
2.468874322,0.05085577,0.710884953,2.529603571,1
2.141047705,2.247773839,-0.197769714,0.188894428,1
-0.896848483,1.240951718,3.303808447,-0.717466361,1
1.267598821,0.911796318,1.290638495,2.462864621,1
1.239358953,0.894293246,-0.137009107,0.071452809,1
0.164968675,-0.214753553,0.013524999,0.446330662,1
0.574479464,0.25320153,0.477419719,1.125363786,1
0.578029944,0.78719932,0.597074328,2.156833634,1
1.383349777,-0.124526671,0.910424216,0.6204476,1
1.422063259,-0.056544283,-0.795766868,0.977820392,1
1.662011257,1.482156563,-1.129620817,2.054453966,1
1.775729504,0.990022394,2.876648256,2.314361534,1
-0.374989969,-0.76910967,1.708108428,1.302762479,1
0.91993064,0.803538015,0.698452474,1.890770076,1
0.939489399,0.912662682,0.719380241,0.31238369,1
2.300456135,2.446323575,-1.168882491,1.173404258,1
2.562974251,1.278131608,1.087134806,1.114231295,1
0.542760452,1.667129063,0.576199412,-0.413788661,1
1.078132825,2.117410876,0.535668468,0.594566012,1
